-- 业务主键统一存储为 BIGINT；velox.id.snowflake.enabled=true 使用雪花 ID，false 使用数据库序列。
-- MySQL dump 10.13  Distrib 9.6.0, for macos15.7 (arm64)
--
-- Host: 127.0.0.1    Database: velox
-- ------------------------------------------------------
-- Server version	8.0.45

/*!40101 SET @OLD_CHARACTER_SET_CLIENT=@@CHARACTER_SET_CLIENT */;
/*!40101 SET @OLD_CHARACTER_SET_RESULTS=@@CHARACTER_SET_RESULTS */;
/*!40101 SET @OLD_COLLATION_CONNECTION=@@COLLATION_CONNECTION */;
/*!50503 SET NAMES utf8mb4 */;
/*!40103 SET @OLD_TIME_ZONE=@@TIME_ZONE */;
/*!40103 SET TIME_ZONE='+00:00' */;
/*!40014 SET @OLD_UNIQUE_CHECKS=@@UNIQUE_CHECKS, UNIQUE_CHECKS=0 */;
/*!40014 SET @OLD_FOREIGN_KEY_CHECKS=@@FOREIGN_KEY_CHECKS, FOREIGN_KEY_CHECKS=0 */;
/*!40101 SET @OLD_SQL_MODE=@@SQL_MODE, SQL_MODE='NO_AUTO_VALUE_ON_ZERO' */;
/*!40111 SET @OLD_SQL_NOTES=@@SQL_NOTES, SQL_NOTES=0 */;

--
-- Database: `velox`
--

DROP DATABASE IF EXISTS `velox`;
/*!40101 SET @saved_cs_client     = @@character_set_client */;
/*!50503 SET character_set_client = utf8mb4 */;
CREATE DATABASE IF NOT EXISTS `velox` DEFAULT CHARACTER SET utf8mb4 COLLATE utf8mb4_unicode_ci;
/*!40101 SET character_set_client = @saved_cs_client */;


--
-- Use the database `velox`
--

USE `velox`;

--
-- Character set and collation for the database
--

SET NAMES utf8mb4;

--
-- Table structure for table `sys_id_sequence`
--

DROP TABLE IF EXISTS `sys_id_sequence`;
/*!40101 SET @saved_cs_client     = @@character_set_client */;
/*!50503 SET character_set_client = utf8mb4 */;
CREATE TABLE `sys_id_sequence` (
  `business_type` varchar(64) COLLATE utf8mb4_unicode_ci NOT NULL COMMENT '业务类型',
  `current_value` bigint NOT NULL DEFAULT '0' COMMENT '当前已分配序号',
  `create_time` timestamp DEFAULT CURRENT_TIMESTAMP COMMENT '创建时间',
  `update_time` timestamp DEFAULT CURRENT_TIMESTAMP COMMENT '更新时间',
  PRIMARY KEY (`business_type`)
) ENGINE=InnoDB DEFAULT CHARSET=utf8mb4 COLLATE=utf8mb4_unicode_ci COMMENT='业务主键序列表';
/*!40101 SET character_set_client = @saved_cs_client */;

--
-- Dumping data for table `sys_id_sequence`
--

/*!40000 ALTER TABLE `sys_id_sequence` DISABLE KEYS */;
INSERT INTO `sys_id_sequence` (`business_type`, `current_value`) VALUES
  ('default',0),
  ('sys_account',0),
  ('sys_role',0),
  ('sys_menu',0),
  ('sys_profile',0),
  ('sys_account_role',0),
  ('sys_account_session',0),
  ('sys_account_security',0),
  ('sys_role_menu_permission',0),
  ('sys_file_config',0),
  ('sys_file',0),
  ('sys_file_content',0);
/*!40000 ALTER TABLE `sys_id_sequence` ENABLE KEYS */;

--
-- Table structure for table `sys_file_config`
--

DROP TABLE IF EXISTS `sys_file_config`;
/*!40101 SET @saved_cs_client     = @@character_set_client */;
/*!50503 SET character_set_client = utf8mb4 */;
CREATE TABLE `sys_file_config` (
  `id` bigint NOT NULL COMMENT '主键ID',
  `name` varchar(100) COLLATE utf8mb4_unicode_ci NOT NULL COMMENT '配置名称',
  `storage` int NOT NULL COMMENT '存储器(1-数据库 10-本地磁盘 11-FTP 12-SFTP 20-S3云存储)',
  `remark` varchar(500) COLLATE utf8mb4_unicode_ci DEFAULT NULL COMMENT '备注',
  `master` tinyint DEFAULT '0' COMMENT '是否主配置(0-否 1-是)',
  `config` json DEFAULT NULL COMMENT '存储器配置(JSON)',
  `enabled` tinyint DEFAULT '1' COMMENT '启用状态(0-禁用 1-启用)',
  `create_time` datetime DEFAULT CURRENT_TIMESTAMP COMMENT '创建时间',
  `update_time` datetime DEFAULT CURRENT_TIMESTAMP ON UPDATE CURRENT_TIMESTAMP COMMENT '更新时间',
  `create_by` bigint DEFAULT NULL COMMENT '创建人',
  `update_by` bigint DEFAULT NULL COMMENT '更新人',
  `deleted` tinyint DEFAULT '0' COMMENT '逻辑删除(0-未删除 1-已删除)',
  PRIMARY KEY (`id`),
  KEY `idx_sys_file_config_storage` (`storage`),
  KEY `idx_sys_file_config_master` (`master`)
) ENGINE=InnoDB DEFAULT CHARSET=utf8mb4 COLLATE=utf8mb4_unicode_ci COMMENT='文件配置表';
/*!40101 SET character_set_client = @saved_cs_client */;

--
-- Dumping data for table `sys_file_config`
--

/*!40000 ALTER TABLE `sys_file_config` DISABLE KEYS */;
INSERT INTO `sys_file_config` VALUES
  ('1900000000000000090','数据库存储',1,'数据库存储文件',0,'{\"domain\": \"http://127.0.0.1:3006\"}',1,'2026-05-10 12:00:00','2026-05-10 12:00:00',1900000000000000027,1900000000000000027,0),
  ('1900000000000000040','本地存储',10,'本地磁盘存储',1,'{\"domain\": \"http://127.0.0.1:3006\", \"basePath\": \"/tmp/uploads\"}',1,'2026-05-10 12:00:00','2026-05-10 12:00:00',1900000000000000027,1900000000000000027,0),
  ('1900000000000000041','S3云存储',20,'S3/OSS云存储(当前仅测试阿里云，理论上 S3 类型都支持，若遇到问题请提出您宝贵的 issue，这将有利于我们完善和优化)',0,'{\"bucket\": \"bucket\", \"endpoint\": \"oss-cn-beijing.aliyuncs.com\", \"accessKey\": \"Your Access Key\", \"accessSecret\": \"Your Access Secret\", \"enablePublicAccess\": true, \"enablePathStyleAccess\": false}',1,'2026-05-10 12:00:00','2026-05-10 12:00:00',1900000000000000027,1900000000000000027,0),
  ('1900000000000000011','FTP存储',11,'FTP 文件存储示例',0,'{\"host\": \"127.0.0.1\", \"port\": 21, \"username\": \"ftp-user\", \"password\": \"ftp-password\", \"mode\": \"Passive\", \"basePath\": \"/uploads\", \"domain\": \"http://127.0.0.1:3006\"}',0,'2026-05-10 12:00:00','2026-05-10 12:00:00',1900000000000000027,1900000000000000027,0),
  ('1900000000000000072','SFTP存储',12,'SFTP 文件存储示例',0,'{\"host\": \"127.0.0.1\", \"port\": 22, \"username\": \"sftp-user\", \"password\": \"sftp-password\", \"basePath\": \"/uploads\", \"domain\": \"http://127.0.0.1:3006\"}',0,'2026-05-10 12:00:00','2026-05-10 12:00:00',1900000000000000027,1900000000000000027,0);
/*!40000 ALTER TABLE `sys_file_config` ENABLE KEYS */;

--
-- Table structure for table `sys_file`
--

DROP TABLE IF EXISTS `sys_file`;
/*!40101 SET @saved_cs_client     = @@character_set_client */;
/*!50503 SET character_set_client = utf8mb4 */;
CREATE TABLE `sys_file` (
  `id` bigint NOT NULL COMMENT '主键ID',
  `config_id` bigint NOT NULL COMMENT '文件配置ID',
  `name` varchar(255) COLLATE utf8mb4_unicode_ci NOT NULL COMMENT '文件名',
  `path` varchar(500) COLLATE utf8mb4_unicode_ci NOT NULL COMMENT '文件路径',
  `url` varchar(500) COLLATE utf8mb4_unicode_ci DEFAULT NULL COMMENT '文件URL',
  `type` varchar(100) COLLATE utf8mb4_unicode_ci DEFAULT NULL COMMENT '文件类型',
  `size` bigint DEFAULT '0' COMMENT '文件大小(字节)',
  `upload_time` datetime DEFAULT CURRENT_TIMESTAMP COMMENT '上传时间',
  `create_by` bigint DEFAULT NULL COMMENT '创建人',
  `update_by` bigint DEFAULT NULL COMMENT '更新人',
  `deleted` tinyint DEFAULT '0' COMMENT '逻辑删除(0-未删除 1-已删除)',
  PRIMARY KEY (`id`),
  KEY `idx_sys_file_config_id` (`config_id`),
  KEY `idx_sys_file_create_by` (`create_by`)
) ENGINE=InnoDB DEFAULT CHARSET=utf8mb4 COLLATE=utf8mb4_unicode_ci COMMENT='文件主表';
/*!40101 SET character_set_client = @saved_cs_client */;

--
-- Table structure for table `sys_file_content`
--

DROP TABLE IF EXISTS `sys_file_content`;
/*!40101 SET @saved_cs_client     = @@character_set_client */;
/*!50503 SET character_set_client = utf8mb4 */;
CREATE TABLE `sys_file_content` (
  `id` bigint NOT NULL COMMENT '主键ID',
  `config_id` bigint NOT NULL COMMENT '文件配置ID',
  `path` varchar(500) COLLATE utf8mb4_unicode_ci NOT NULL COMMENT '文件路径',
  `content` mediumblob NOT NULL COMMENT '文件内容(二进制)',
  `create_time` datetime DEFAULT CURRENT_TIMESTAMP COMMENT '创建时间',
  `update_time` datetime DEFAULT CURRENT_TIMESTAMP ON UPDATE CURRENT_TIMESTAMP COMMENT '更新时间',
  `create_by` bigint DEFAULT NULL COMMENT '创建人',
  `update_by` bigint DEFAULT NULL COMMENT '更新人',
  `deleted` tinyint DEFAULT '0' COMMENT '逻辑删除(0-未删除 1-已删除)',
  PRIMARY KEY (`id`),
  KEY `idx_sys_file_content_config_id` (`config_id`),
  KEY `idx_sys_file_content_path` (`path`)
) ENGINE=InnoDB DEFAULT CHARSET=utf8mb4 COLLATE=utf8mb4_unicode_ci COMMENT='文件内容表';
/*!40101 SET character_set_client = @saved_cs_client */;

--
-- Table structure for table `sys_role`
--

DROP TABLE IF EXISTS `sys_role`;
/*!40101 SET @saved_cs_client     = @@character_set_client */;
/*!50503 SET character_set_client = utf8mb4 */;
CREATE TABLE `sys_role` (
  `id` bigint NOT NULL COMMENT '主键ID',
  `role_name` varchar(50) COLLATE utf8mb4_unicode_ci NOT NULL COMMENT '角色名称',
  `role_code` varchar(50) COLLATE utf8mb4_unicode_ci NOT NULL COMMENT '角色编码',
  `description` varchar(255) COLLATE utf8mb4_unicode_ci DEFAULT NULL COMMENT '角色描述',
  `type` tinyint NOT NULL DEFAULT '1' COMMENT '角色类型：0系统角色，1自定义角色',
  `role_level` int NOT NULL DEFAULT '0' COMMENT '角色等级，值越大权限越高',
  `enabled` tinyint DEFAULT '1' COMMENT '启用状态(0-禁用 1-启用)',
  `create_time` datetime DEFAULT CURRENT_TIMESTAMP COMMENT '创建时间',
  `update_time` datetime DEFAULT CURRENT_TIMESTAMP ON UPDATE CURRENT_TIMESTAMP COMMENT '更新时间',
  `create_by` bigint DEFAULT NULL COMMENT '创建人',
  `update_by` bigint DEFAULT NULL COMMENT '更新人',
  `deleted` tinyint DEFAULT '0' COMMENT '逻辑删除(0-未删除 1-已删除)',
  `active_role_code` varchar(50) COLLATE utf8mb4_unicode_ci GENERATED ALWAYS AS ((case when (`deleted` = 0) then `role_code` else NULL end)) STORED COMMENT '未删除角色编码',
  PRIMARY KEY (`id`),
  UNIQUE KEY `uk_role_code` (`active_role_code`),
  KEY `idx_role_code` (`role_code`)
) ENGINE=InnoDB DEFAULT CHARSET=utf8mb4 COLLATE=utf8mb4_unicode_ci COMMENT='系统角色表';
/*!40101 SET character_set_client = @saved_cs_client */;

--
-- Dumping data for table `sys_role`
--

/*!40000 ALTER TABLE `sys_role` DISABLE KEYS */;
INSERT INTO `sys_role` (`id`, `role_name`, `role_code`, `description`, `type`, `role_level`, `enabled`, `create_time`, `update_time`, `create_by`, `update_by`, `deleted`) VALUES
  ('1900000000000000023','超级管理员','R_SUPER','拥有系统全部权限',0,3,1,'2026-05-10 12:00:00','2026-05-10 12:00:00',1900000000000000027,1900000000000000027,0),
  ('1900000000000000073','管理员','R_ADMIN','拥有系统管理权限',0,2,1,'2026-05-10 12:00:00','2026-05-10 12:00:00',1900000000000000027,1900000000000000027,0),
  ('1900000000000000032','普通用户','R_USER','拥有系统普通权限',0,1,1,'2026-05-10 12:00:00','2026-05-10 12:00:00',1900000000000000027,1900000000000000027,0);
/*!40000 ALTER TABLE `sys_role` ENABLE KEYS */;

--
-- Table structure for table `sys_account`
--

DROP TABLE IF EXISTS `sys_account`;
/*!40101 SET @saved_cs_client     = @@character_set_client */;
/*!50503 SET character_set_client = utf8mb4 */;
CREATE TABLE `sys_account` (
  `id` bigint NOT NULL COMMENT '主键ID',
  `username` varchar(50) COLLATE utf8mb4_unicode_ci NOT NULL COMMENT '用户名',
  `password` varchar(100) COLLATE utf8mb4_unicode_ci NOT NULL COMMENT '密码',
  `remark` varchar(255) COLLATE utf8mb4_unicode_ci DEFAULT NULL COMMENT '账号备注',
  `status` tinyint DEFAULT '1' COMMENT '账号状态(1-启用 2-禁用 3-异常 4-注销)',
  `login_fail_count` int DEFAULT '0' COMMENT '登录失败次数',
  `login_fail_time` datetime DEFAULT NULL COMMENT '登录失败时间',
  `deletion_requested_at` datetime DEFAULT NULL COMMENT '申请删除时间',
  `deletion_expires_at` datetime DEFAULT NULL COMMENT '删除冷静期到期时间',
  `create_time` datetime DEFAULT CURRENT_TIMESTAMP COMMENT '创建时间',
  `update_time` datetime DEFAULT CURRENT_TIMESTAMP ON UPDATE CURRENT_TIMESTAMP COMMENT '更新时间',
  `create_by` bigint DEFAULT NULL COMMENT '创建人',
  `update_by` bigint DEFAULT NULL COMMENT '更新人',
  `deleted` tinyint DEFAULT '0' COMMENT '逻辑删除(0-未删除 1-已删除)',
  `active_username` varchar(50) COLLATE utf8mb4_unicode_ci GENERATED ALWAYS AS ((case when (`deleted` = 0) then `username` else NULL end)) STORED COMMENT '未删除用户名',
  PRIMARY KEY (`id`),
  UNIQUE KEY `uk_username` (`active_username`),
  KEY `idx_username` (`username`)
) ENGINE=InnoDB DEFAULT CHARSET=utf8mb4 COLLATE=utf8mb4_unicode_ci COMMENT='系统账号表';
/*!40101 SET character_set_client = @saved_cs_client */;

--
-- Dumping data for table `sys_account`
--

/*!40000 ALTER TABLE `sys_account` DISABLE KEYS */;
INSERT INTO `sys_account` (`id`, `username`, `password`, `remark`, `status`, `login_fail_count`, `login_fail_time`, `deletion_requested_at`, `deletion_expires_at`, `create_time`, `update_time`, `create_by`, `update_by`, `deleted`) VALUES
  ('1900000000000000027','Super','{bcrypt}$2a$12$w9oNXS.wlWOfoHg6vMVKKuRHIASL5uTI2BtybrocyvQCMmeSIhshu','超级管理员账号',1,0,NULL,NULL,NULL,'2026-05-10 12:00:00','2026-05-10 12:00:00',1900000000000000027,1900000000000000027,0),
  ('1900000000000000087','Admin','{bcrypt}$2a$12$w9oNXS.wlWOfoHg6vMVKKuRHIASL5uTI2BtybrocyvQCMmeSIhshu','管理员账号',1,0,NULL,NULL,NULL,'2026-05-10 12:00:00','2026-05-10 12:00:00',1900000000000000027,1900000000000000027,0),
  ('1900000000000000048','User','{bcrypt}$2a$12$w9oNXS.wlWOfoHg6vMVKKuRHIASL5uTI2BtybrocyvQCMmeSIhshu','默认成员账号',1,0,NULL,NULL,NULL,'2026-05-10 12:00:00','2026-05-10 12:00:00',1900000000000000027,1900000000000000027,0);
/*!40000 ALTER TABLE `sys_account` ENABLE KEYS */;

--
-- Table structure for table `sys_profile`
--

DROP TABLE IF EXISTS `sys_profile`;
/*!40101 SET @saved_cs_client     = @@character_set_client */;
/*!50503 SET character_set_client = utf8mb4 */;
CREATE TABLE `sys_profile` (
  `id` bigint NOT NULL COMMENT '主键ID',
  `account_id` bigint NOT NULL COMMENT '账号ID',
  `nickname` varchar(50) COLLATE utf8mb4_unicode_ci DEFAULT NULL COMMENT '昵称',
  `avatar` varchar(255) COLLATE utf8mb4_unicode_ci DEFAULT NULL COMMENT '头像',
  `gender` tinyint DEFAULT '0' COMMENT '性别(0-未知 1-男 2-女 3-其它)',
  `real_name` varchar(50) COLLATE utf8mb4_unicode_ci DEFAULT NULL COMMENT '姓名',
  `email` varchar(100) COLLATE utf8mb4_unicode_ci DEFAULT NULL COMMENT '展示邮箱',
  `mobile` varchar(20) COLLATE utf8mb4_unicode_ci DEFAULT NULL COMMENT '展示手机号',
  `address` varchar(255) COLLATE utf8mb4_unicode_ci DEFAULT NULL COMMENT '地址',
  `introduction` text COLLATE utf8mb4_unicode_ci COMMENT '个人介绍',
  `signature` varchar(255) COLLATE utf8mb4_unicode_ci DEFAULT NULL COMMENT '个人签名',
  `position` varchar(50) COLLATE utf8mb4_unicode_ci DEFAULT NULL COMMENT '岗位',
  `company` varchar(100) COLLATE utf8mb4_unicode_ci DEFAULT NULL COMMENT '在职企业',
  `tags` json DEFAULT NULL COMMENT '标签',
  `create_time` datetime DEFAULT CURRENT_TIMESTAMP COMMENT '创建时间',
  `update_time` datetime DEFAULT CURRENT_TIMESTAMP ON UPDATE CURRENT_TIMESTAMP COMMENT '更新时间',
  `create_by` bigint DEFAULT NULL COMMENT '创建人',
  `update_by` bigint DEFAULT NULL COMMENT '更新人',
  `deleted` tinyint DEFAULT '0' COMMENT '逻辑删除(0-未删除 1-已删除)',
  PRIMARY KEY (`id`),
  UNIQUE KEY `uk_account_id` (`account_id`),
  CONSTRAINT `fk_sys_profile_account_id` FOREIGN KEY (`account_id`) REFERENCES `sys_account` (`id`)
) ENGINE=InnoDB DEFAULT CHARSET=utf8mb4 COLLATE=utf8mb4_unicode_ci COMMENT='用户资料表';
/*!40101 SET character_set_client = @saved_cs_client */;

--
-- Dumping data for table `sys_profile`
--

/*!40000 ALTER TABLE `sys_profile` DISABLE KEYS */;
INSERT INTO `sys_profile` VALUES
  ('1900000000000000075','1900000000000000027','虚拟双子','https://api.dicebear.com/7.x/avataaars/svg?seed=Super',2,'不愿透露','super.public@velox.web','15800158001','不愿透露','不愿透露','不愿透露','不愿透露','不愿透露','[\"可爱\", \"很可爱\", \"非常可爱\"]','2026-05-10 12:00:00','2026-05-10 12:00:00',1900000000000000027,1900000000000000027,0),
  ('1900000000000000057','1900000000000000087','虚拟双子','https://api.dicebear.com/7.x/avataaars/svg?seed=Admin',1,'不愿透露','admin.public@velox.web','15800158002','不愿透露','不愿透露','不愿透露','不愿透露','不愿透露','[\"可爱\", \"很可爱\", \"非常可爱\"]','2026-05-10 12:00:00','2026-05-10 12:00:00',1900000000000000027,1900000000000000027,0),
  ('1900000000000000014','1900000000000000048','虚拟双子','https://api.dicebear.com/7.x/avataaars/svg?seed=User',1,'不愿透露','user.public@velox.web','15800158003','不愿透露','不愿透露','不愿透露','不愿透露','不愿透露','[\"可爱\", \"很可爱\", \"非常可爱\"]','2026-05-10 12:00:00','2026-05-10 12:00:00',1900000000000000027,1900000000000000027,0);
/*!40000 ALTER TABLE `sys_profile` ENABLE KEYS */;

--
-- Table structure for table `sys_account_role`
--

DROP TABLE IF EXISTS `sys_account_role`;
/*!40101 SET @saved_cs_client     = @@character_set_client */;
/*!50503 SET character_set_client = utf8mb4 */;
CREATE TABLE `sys_account_role` (
  `id` bigint NOT NULL COMMENT '主键ID',
  `account_id` bigint NOT NULL COMMENT '账号ID',
  `role_id` bigint NOT NULL COMMENT '角色ID',
  `create_time` datetime DEFAULT CURRENT_TIMESTAMP COMMENT '创建时间',
  `update_time` datetime DEFAULT CURRENT_TIMESTAMP ON UPDATE CURRENT_TIMESTAMP COMMENT '更新时间',
  `create_by` bigint DEFAULT NULL COMMENT '创建人',
  `update_by` bigint DEFAULT NULL COMMENT '更新人',
  `deleted` tinyint DEFAULT '0' COMMENT '逻辑删除(0-未删除 1-已删除)',
  `active_account_role` tinyint GENERATED ALWAYS AS ((case when (`deleted` = 0) then 1 else NULL end)) STORED COMMENT '未删除关联标记',
  PRIMARY KEY (`id`),
  UNIQUE KEY `uk_account_role` (`account_id`,`role_id`,`active_account_role`),
  KEY `idx_account_role_account_id` (`account_id`),
  KEY `idx_user_role_role_id` (`role_id`),
  CONSTRAINT `fk_sys_account_role_role_id` FOREIGN KEY (`role_id`) REFERENCES `sys_role` (`id`),
  CONSTRAINT `fk_sys_account_role_user_id` FOREIGN KEY (`account_id`) REFERENCES `sys_account` (`id`)
) ENGINE=InnoDB DEFAULT CHARSET=utf8mb4 COLLATE=utf8mb4_unicode_ci COMMENT='账号角色关联表';
/*!40101 SET character_set_client = @saved_cs_client */;

--
-- Table structure for table `sys_account_session`
--

DROP TABLE IF EXISTS `sys_account_session`;
/*!40101 SET @saved_cs_client     = @@character_set_client */;
/*!50503 SET character_set_client = utf8mb4 */;
CREATE TABLE `sys_account_session` (
  `id` bigint NOT NULL COMMENT '主键ID',
  `account_id` bigint NOT NULL COMMENT '账号ID',
  `token_hash` varchar(64) COLLATE utf8mb4_unicode_ci NOT NULL COMMENT 'Token摘要',
  `status` tinyint NOT NULL DEFAULT '1' COMMENT '会话状态(1-在线 2-已退出)',
  `login_time` datetime DEFAULT NULL COMMENT '登录时间',
  `last_active_time` datetime DEFAULT NULL COMMENT '最后活动时间',
  `logout_time` datetime DEFAULT NULL COMMENT '退出时间',
  `presence_expire_time` datetime DEFAULT NULL COMMENT '在线状态过期时间',
  `create_time` datetime DEFAULT CURRENT_TIMESTAMP COMMENT '创建时间',
  `update_time` datetime DEFAULT CURRENT_TIMESTAMP ON UPDATE CURRENT_TIMESTAMP COMMENT '更新时间',
  `create_by` bigint DEFAULT NULL COMMENT '创建人',
  `update_by` bigint DEFAULT NULL COMMENT '更新人',
  `deleted` tinyint NOT NULL DEFAULT '0' COMMENT '逻辑删除(0-未删除 1-已删除)',
  PRIMARY KEY (`id`),
  UNIQUE KEY `uk_account_session_token_hash` (`token_hash`),
  KEY `idx_account_session_account_id` (`account_id`),
  KEY `idx_user_session_presence_expire_time` (`presence_expire_time`),
  CONSTRAINT `fk_sys_account_session_user_id` FOREIGN KEY (`account_id`) REFERENCES `sys_account` (`id`)
) ENGINE=InnoDB DEFAULT CHARSET=utf8mb4 COLLATE=utf8mb4_unicode_ci COMMENT='账号登录会话表';
/*!40101 SET character_set_client = @saved_cs_client */;

--
-- Dumping data for table `sys_account_role`
--

/*!40000 ALTER TABLE `sys_account_role` DISABLE KEYS */;
INSERT INTO `sys_account_role` (`id`, `account_id`, `role_id`, `create_time`, `update_time`, `create_by`, `update_by`, `deleted`) VALUES
  ('1900000000000000021','1900000000000000027','1900000000000000023','2026-05-10 12:00:00','2026-05-10 12:00:00',1900000000000000027,1900000000000000027,0),
  ('1900000000000000012','1900000000000000087','1900000000000000073','2026-05-10 12:00:00','2026-05-10 12:00:00',1900000000000000027,1900000000000000027,0),
  ('1900000000000000024','1900000000000000048','1900000000000000032','2026-05-10 12:00:00','2026-05-10 12:00:00',1900000000000000027,1900000000000000027,0);
/*!40000 ALTER TABLE `sys_account_role` ENABLE KEYS */;

--
-- Table structure for table `sys_account_security`
--

DROP TABLE IF EXISTS `sys_account_security`;
/*!40101 SET @saved_cs_client     = @@character_set_client */;
/*!50503 SET character_set_client = utf8mb4 */;
CREATE TABLE `sys_account_security` (
  `id` bigint NOT NULL COMMENT '主键ID',
  `account_id` bigint NOT NULL COMMENT '账号ID',
  `email` varchar(100) COLLATE utf8mb4_unicode_ci DEFAULT NULL COMMENT '绑定邮箱',
  `login_methods` varchar(128) COLLATE utf8mb4_unicode_ci DEFAULT 'password' COMMENT '允许的登录方式（逗号分隔: password,email_code）',
  `disabled_login_methods` varchar(128) COLLATE utf8mb4_unicode_ci DEFAULT NULL COMMENT '管理员禁用的登录方式（逗号分隔），用户不可开启或使用',
  `disabled_oauth_channels` varchar(255) COLLATE utf8mb4_unicode_ci DEFAULT NULL COMMENT '管理员禁用的第三方登录渠道（逗号分隔），用户不可开启或使用',
  `mfa_email_enabled` tinyint DEFAULT '0' COMMENT '邮箱二段验证是否启用',
  `mfa_totp_enabled` tinyint DEFAULT '0' COMMENT 'TOTP 二段验证是否启用（占位）',
  `mfa_totp_secret` varchar(64) COLLATE utf8mb4_unicode_ci DEFAULT NULL COMMENT 'TOTP 密钥（占位）',
  `mfa_totp_recovery_codes` varchar(1024) COLLATE utf8mb4_unicode_ci DEFAULT NULL COMMENT 'TOTP 恢复码哈希列表（逗号分隔）',
  `email_verified_at` datetime DEFAULT NULL COMMENT '邮箱最近验证时间',
  `last_password_change_at` datetime DEFAULT NULL COMMENT '最近一次修改密码时间',
  `create_time` datetime DEFAULT CURRENT_TIMESTAMP COMMENT '创建时间',
  `update_time` datetime DEFAULT CURRENT_TIMESTAMP ON UPDATE CURRENT_TIMESTAMP COMMENT '更新时间',
  `create_by` bigint DEFAULT NULL COMMENT '创建人',
  `update_by` bigint DEFAULT NULL COMMENT '更新人',
  `deleted` tinyint DEFAULT '0' COMMENT '逻辑删除(0-未删除 1-已删除)',
  PRIMARY KEY (`id`),
  UNIQUE KEY `uk_account_security_account_id` (`account_id`),
  CONSTRAINT `fk_sys_account_security_user_id` FOREIGN KEY (`account_id`) REFERENCES `sys_account` (`id`)
) ENGINE=InnoDB DEFAULT CHARSET=utf8mb4 COLLATE=utf8mb4_unicode_ci COMMENT='账号安全配置表';
/*!40101 SET character_set_client = @saved_cs_client */;

--
-- Dumping data for table `sys_account_security`
--

/*!40000 ALTER TABLE `sys_account_security` DISABLE KEYS */;
INSERT INTO `sys_account_security` (`id`, `account_id`, `email`, `login_methods`, `mfa_email_enabled`, `mfa_totp_enabled`, `mfa_totp_secret`, `mfa_totp_recovery_codes`, `email_verified_at`, `last_password_change_at`, `create_time`, `update_time`, `create_by`, `update_by`, `deleted`) VALUES
  ('1900000000000000126','1900000000000000027','super@velox.web','password',0,0,NULL,NULL,NULL,NULL,'2026-05-10 12:00:00','2026-05-10 12:00:00',1900000000000000027,1900000000000000027,0),
  ('1900000000000000127','1900000000000000087','admin@velox.web','password',0,0,NULL,NULL,NULL,NULL,'2026-05-10 12:00:00','2026-05-10 12:00:00',1900000000000000027,1900000000000000027,0),
  ('1900000000000000128','1900000000000000048','user@velox.web','password',0,0,NULL,NULL,NULL,NULL,'2026-05-10 12:00:00','2026-05-10 12:00:00',1900000000000000027,1900000000000000027,0);
/*!40000 ALTER TABLE `sys_account_security` ENABLE KEYS */;

--
--
-- Table structure for table `sys_access_control`
--

DROP TABLE IF EXISTS `sys_access_control`;
/*!40101 SET @saved_cs_client     = @@character_set_client */;
/*!50503 SET character_set_client = utf8mb4 */;
CREATE TABLE `sys_access_control` (
  `id` bigint NOT NULL COMMENT '主键ID',
  `general_register_enabled` tinyint DEFAULT '1' COMMENT '通用注册开关(0-关闭 1-开启)',
  `forgot_password_enabled` tinyint DEFAULT '1' COMMENT '忘记密码开关(0-关闭 1-开启)',
  `login_methods` varchar(128) COLLATE utf8mb4_unicode_ci DEFAULT NULL COMMENT '已启用的普通登录方式(逗号分隔)',
  `third_party_login_channels` varchar(255) COLLATE utf8mb4_unicode_ci DEFAULT NULL COMMENT '已启用的第三方登录渠道(逗号分隔)',
  `third_party_register_channels` varchar(255) COLLATE utf8mb4_unicode_ci DEFAULT NULL COMMENT '已启用的第三方注册渠道(逗号分隔)',
  `create_time` datetime DEFAULT CURRENT_TIMESTAMP COMMENT '创建时间',
  `update_time` datetime DEFAULT CURRENT_TIMESTAMP ON UPDATE CURRENT_TIMESTAMP COMMENT '更新时间',
  `create_by` bigint DEFAULT NULL COMMENT '创建人',
  `update_by` bigint DEFAULT NULL COMMENT '更新人',
  `deleted` tinyint DEFAULT '0' COMMENT '逻辑删除(0-未删除 1-已删除)',
  PRIMARY KEY (`id`)
) ENGINE=InnoDB DEFAULT CHARSET=utf8mb4 COLLATE=utf8mb4_unicode_ci COMMENT='访问控制配置表';
/*!40101 SET character_set_client = @saved_cs_client */;

--
-- Dumping data for table `sys_access_control`
--

/*!40000 ALTER TABLE `sys_access_control` DISABLE KEYS */;
INSERT INTO `sys_access_control` (`id`, `general_register_enabled`, `forgot_password_enabled`, `login_methods`, `third_party_login_channels`, `third_party_register_channels`, `create_time`, `update_time`, `create_by`, `update_by`, `deleted`) VALUES
  ('1900000000000002010',1,1,'password,email_code','github,linuxdo','github,linuxdo','2026-05-10 12:00:00','2026-05-10 12:00:00',1900000000000000027,1900000000000000027,0);
/*!40000 ALTER TABLE `sys_access_control` ENABLE KEYS */;

-- Table structure for table `sys_menu`
--

DROP TABLE IF EXISTS `sys_menu`;
/*!40101 SET @saved_cs_client     = @@character_set_client */;
/*!50503 SET character_set_client = utf8mb4 */;
CREATE TABLE `sys_menu` (
  `id` bigint NOT NULL COMMENT '主键ID',
  `parent_id` bigint DEFAULT NULL COMMENT '父级菜单ID',
  `menu_type` varchar(20) COLLATE utf8mb4_unicode_ci NOT NULL COMMENT '菜单类型(menu/button)',
  `name` varchar(100) COLLATE utf8mb4_unicode_ci NOT NULL COMMENT '路由名称或权限名称',
  `title` varchar(100) COLLATE utf8mb4_unicode_ci NOT NULL COMMENT '菜单标题或按钮标题',
  `path` varchar(255) COLLATE utf8mb4_unicode_ci DEFAULT NULL COMMENT '路由地址',
  `component` varchar(255) COLLATE utf8mb4_unicode_ci DEFAULT NULL COMMENT '组件路径',
  `redirect` varchar(255) COLLATE utf8mb4_unicode_ci DEFAULT NULL COMMENT '重定向地址',
  `icon` varchar(100) COLLATE utf8mb4_unicode_ci DEFAULT NULL COMMENT '图标',
  `auth_mark` varchar(100) COLLATE utf8mb4_unicode_ci DEFAULT NULL COMMENT '权限标识',
  `is_enable` tinyint DEFAULT '1' COMMENT '是否启用',
  `sort` int DEFAULT '1' COMMENT '排序',
  `keep_alive` tinyint DEFAULT '0' COMMENT '是否缓存',
  `is_hide` tinyint DEFAULT '0' COMMENT '是否隐藏菜单',
  `is_hide_tab` tinyint DEFAULT '0' COMMENT '是否隐藏标签页',
  `link` varchar(255) COLLATE utf8mb4_unicode_ci DEFAULT NULL COMMENT '外部链接',
  `is_iframe` tinyint DEFAULT '0' COMMENT '是否内嵌',
  `show_badge` tinyint DEFAULT '0' COMMENT '是否显示徽章',
  `show_text_badge` varchar(50) COLLATE utf8mb4_unicode_ci DEFAULT NULL COMMENT '文本徽章',
  `fixed_tab` tinyint DEFAULT '0' COMMENT '是否固定标签页',
  `active_path` varchar(255) COLLATE utf8mb4_unicode_ci DEFAULT NULL COMMENT '激活菜单路径',
  `is_full_page` tinyint DEFAULT '0' COMMENT '是否全屏页面',
  `create_time` datetime DEFAULT CURRENT_TIMESTAMP COMMENT '创建时间',
  `update_time` datetime DEFAULT CURRENT_TIMESTAMP ON UPDATE CURRENT_TIMESTAMP COMMENT '更新时间',
  `create_by` bigint DEFAULT NULL COMMENT '创建人',
  `update_by` bigint DEFAULT NULL COMMENT '更新人',
  `deleted` tinyint DEFAULT '0' COMMENT '逻辑删除(0-未删除 1-已删除)',
  `active_auth_mark` varchar(100) COLLATE utf8mb4_unicode_ci GENERATED ALWAYS AS ((case when (`deleted` = 0) then `auth_mark` else NULL end)) STORED COMMENT '未删除权限标识',
  PRIMARY KEY (`id`),
  UNIQUE KEY `uk_menu_auth_mark` (`active_auth_mark`),
  KEY `idx_menu_parent_id` (`parent_id`),
  KEY `idx_menu_auth_mark` (`auth_mark`)
) ENGINE=InnoDB DEFAULT CHARSET=utf8mb4 COLLATE=utf8mb4_unicode_ci COMMENT='系统菜单表';
/*!40101 SET character_set_client = @saved_cs_client */;

--
-- Dumping data for table `sys_menu`
--

/*!40000 ALTER TABLE `sys_menu` DISABLE KEYS */;
INSERT INTO `sys_menu` (`id`, `parent_id`, `menu_type`, `name`, `title`, `path`, `component`, `redirect`, `icon`, `auth_mark`, `is_enable`, `sort`, `keep_alive`, `is_hide`, `is_hide_tab`, `link`, `is_iframe`, `show_badge`, `show_text_badge`, `fixed_tab`, `active_path`, `is_full_page`, `create_time`, `update_time`, `create_by`, `update_by`, `deleted`) VALUES
  -- Dashboard
  ('1900000000000000077',NULL,'menu','Dashboard','menus.dashboard.title','/dashboard','/index/index',NULL,'ri:pie-chart-line',NULL,1,0,0,0,0,NULL,0,0,NULL,0,NULL,0,'2026-05-10 12:00:00','2026-05-10 12:00:00',1900000000000000027,1900000000000000027,0),
  ('1900000000000000089','1900000000000000077','menu','Console','menus.dashboard.console','console','/dashboard/console',NULL,NULL,'dashboard:console',1,1,0,0,0,NULL,0,0,NULL,1,NULL,0,'2026-05-10 12:00:00','2026-05-10 12:00:00',1900000000000000027,1900000000000000027,0),
  -- System
  ('1900000000000000080',NULL,'menu','System','menus.system.title','/system','/index/index',NULL,'ri:user-3-line',NULL,1,1,0,0,0,NULL,0,0,NULL,0,NULL,0,'2026-05-10 12:00:00','2026-05-10 12:00:00',1900000000000000027,1900000000000000027,0),
  -- System > Account
  ('1900000000000000016','1900000000000000080','menu','Account','menus.system.account','account','/system/account',NULL,NULL,NULL,1,1,1,0,0,NULL,0,0,NULL,0,NULL,0,'2026-05-10 12:00:00','2026-05-10 12:00:00',1900000000000000027,1900000000000000027,0),
  ('1900000000000000007','1900000000000000016','button','AccountQuery','查询',NULL,NULL,NULL,NULL,'system:account:query',1,1,0,0,0,NULL,0,0,NULL,0,NULL,0,'2026-05-10 12:00:00','2026-05-10 12:00:00',1900000000000000027,1900000000000000027,0),
  ('1900000000000000020','1900000000000000016','button','AccountCreate','新增',NULL,NULL,NULL,NULL,'system:account:create',1,2,0,0,0,NULL,0,0,NULL,0,NULL,0,'2026-05-10 12:00:00','2026-05-10 12:00:00',1900000000000000027,1900000000000000027,0),
  ('1900000000000000060','1900000000000000016','button','AccountUpdate','编辑',NULL,NULL,NULL,NULL,'system:account:update',1,3,0,0,0,NULL,0,0,NULL,0,NULL,0,'2026-05-10 12:00:00','2026-05-10 12:00:00',1900000000000000027,1900000000000000027,0),
  ('1900000000000000030','1900000000000000016','button','AccountDelete','删除',NULL,NULL,NULL,NULL,'system:account:delete',1,4,0,0,0,NULL,0,0,NULL,0,NULL,0,'2026-05-10 12:00:00','2026-05-10 12:00:00',1900000000000000027,1900000000000000027,0),
  -- System > Role
  ('1900000000000000046','1900000000000000080','menu','Role','menus.system.role','role','/system/role',NULL,NULL,NULL,1,2,1,0,0,NULL,0,0,NULL,0,NULL,0,'2026-05-10 12:00:00','2026-05-10 12:00:00',1900000000000000027,1900000000000000027,0),
  ('1900000000000000085','1900000000000000046','button','RoleQuery','查询',NULL,NULL,NULL,NULL,'system:role:query',1,1,0,0,0,NULL,0,0,NULL,0,NULL,0,'2026-05-10 12:00:00','2026-05-10 12:00:00',1900000000000000027,1900000000000000027,0),
  ('1900000000000000004','1900000000000000046','button','RoleCreate','新增',NULL,NULL,NULL,NULL,'system:role:create',1,2,0,0,0,NULL,0,0,NULL,0,NULL,0,'2026-05-10 12:00:00','2026-05-10 12:00:00',1900000000000000027,1900000000000000027,0),
  ('1900000000000000066','1900000000000000046','button','RoleUpdate','编辑',NULL,NULL,NULL,NULL,'system:role:update',1,3,0,0,0,NULL,0,0,NULL,0,NULL,0,'2026-05-10 12:00:00','2026-05-10 12:00:00',1900000000000000027,1900000000000000027,0),
  ('1900000000000000092','1900000000000000046','button','RoleDelete','删除',NULL,NULL,NULL,NULL,'system:role:delete',1,4,0,0,0,NULL,0,0,NULL,0,NULL,0,'2026-05-10 12:00:00','2026-05-10 12:00:00',1900000000000000027,1900000000000000027,0),
  ('1900000000000000053','1900000000000000046','button','RolePermission','菜单权限',NULL,NULL,NULL,NULL,'system:role:permission',1,5,0,0,0,NULL,0,0,NULL,0,NULL,0,'2026-05-10 12:00:00','2026-05-10 12:00:00',1900000000000000027,1900000000000000027,0),
  -- System > AccountCenter
  ('1900000000000000035','1900000000000000080','menu','AccountCenter','menus.system.accountCenter','account-center','/system/account-center',NULL,NULL,NULL,1,3,1,1,1,NULL,0,0,NULL,0,NULL,0,'2026-05-10 12:00:00','2026-05-10 12:00:00',1900000000000000027,1900000000000000027,0),
  -- System > Menus
  ('1900000000000000063','1900000000000000080','menu','Menus','menus.system.menu','menu','/system/menu',NULL,NULL,NULL,1,4,1,0,0,NULL,0,0,NULL,0,NULL,0,'2026-05-10 12:00:00','2026-05-10 12:00:00',1900000000000000027,1900000000000000027,0),
  ('1900000000000000086','1900000000000000063','button','MenusQuery','查询',NULL,NULL,NULL,NULL,'system:menu:query',1,1,0,0,0,NULL,0,0,NULL,0,NULL,0,'2026-05-10 12:00:00','2026-05-10 12:00:00',1900000000000000027,1900000000000000027,0),
  ('1900000000000000084','1900000000000000063','button','MenusCreate','新增',NULL,NULL,NULL,NULL,'system:menu:create',1,2,0,0,0,NULL,0,0,NULL,0,NULL,0,'2026-05-10 12:00:00','2026-05-10 12:00:00',1900000000000000027,1900000000000000027,0),
  ('1900000000000000042','1900000000000000063','button','MenusUpdate','编辑',NULL,NULL,NULL,NULL,'system:menu:update',1,3,0,0,0,NULL,0,0,NULL,0,NULL,0,'2026-05-10 12:00:00','2026-05-10 12:00:00',1900000000000000027,1900000000000000027,0),
  ('1900000000000000071','1900000000000000063','button','MenusDelete','删除',NULL,NULL,NULL,NULL,'system:menu:delete',1,4,0,0,0,NULL,0,0,NULL,0,NULL,0,'2026-05-10 12:00:00','2026-05-10 12:00:00',1900000000000000027,1900000000000000027,0),
  -- System > FileManage
  ('1900000000000000038','1900000000000000080','menu','FileManage','menus.system.fileManage','file-manage','/system/file-manage',NULL,'',NULL,1,5,1,0,0,NULL,0,0,NULL,0,NULL,0,'2026-05-10 12:00:00','2026-05-10 12:00:00',1900000000000000027,1900000000000000027,0),
  ('1900000000000000008','1900000000000000038','button','FileQuery','查询',NULL,NULL,NULL,NULL,'system:file:query',1,1,0,0,0,NULL,0,0,NULL,0,NULL,0,'2026-05-10 12:00:00','2026-05-10 12:00:00',1900000000000000027,1900000000000000027,0),
  ('1900000000000000064','1900000000000000038','button','FileCreate','新增',NULL,NULL,NULL,NULL,'system:file:create',1,2,0,0,0,NULL,0,0,NULL,0,NULL,0,'2026-05-10 12:00:00','2026-05-10 12:00:00',1900000000000000027,1900000000000000027,0),
  ('1900000000000000093','1900000000000000038','button','FileUpdate','编辑',NULL,NULL,NULL,NULL,'system:file:update',1,3,0,0,0,NULL,0,0,NULL,0,NULL,0,'2026-05-10 12:00:00','2026-05-10 12:00:00',1900000000000000027,1900000000000000027,0),
  ('1900000000000000069','1900000000000000038','button','FileDelete','删除',NULL,NULL,NULL,NULL,'system:file:delete',1,4,0,0,0,NULL,0,0,NULL,0,NULL,0,'2026-05-10 12:00:00','2026-05-10 12:00:00',1900000000000000027,1900000000000000027,0),
  ('1900000000000000083','1900000000000000038','button','FileDownload','下载',NULL,NULL,NULL,NULL,'system:file:download',1,5,0,0,0,NULL,0,0,NULL,0,NULL,0,'2026-05-10 12:00:00','2026-05-10 12:00:00',1900000000000000027,1900000000000000027,0),
  ('1900000000000000006','1900000000000000038','button','FileUpload','上传',NULL,NULL,NULL,NULL,'system:file:upload',1,6,0,0,0,NULL,0,0,NULL,0,NULL,0,'2026-05-10 12:00:00','2026-05-10 12:00:00',1900000000000000027,1900000000000000027,0),
  -- Config
  ('1900000000000000029',NULL,'menu','Config','menus.config.title','/config','/index/index',NULL,'ri:settings-3-line',NULL,1,2,0,0,0,NULL,0,0,NULL,0,NULL,0,'2026-05-10 12:00:00','2026-05-10 12:00:00',1900000000000000027,1900000000000000027,0),
  -- Config > FileConfig
  ('1900000000000000003','1900000000000000029','menu','FileConfig','menus.config.fileConfig','file-config','/config/file-config',NULL,'',NULL,1,1,1,0,0,NULL,0,0,NULL,0,NULL,0,'2026-05-10 12:00:00','2026-05-10 12:00:00',1900000000000000027,1900000000000000027,0),
  ('1900000000000000062','1900000000000000003','button','FileConfigQuery','查询',NULL,NULL,NULL,NULL,'system:file-config:query',1,1,0,0,0,NULL,0,0,NULL,0,NULL,0,'2026-05-10 12:00:00','2026-05-10 12:00:00',1900000000000000027,1900000000000000027,0),
  ('1900000000000000039','1900000000000000003','button','FileConfigCreate','新增',NULL,NULL,NULL,NULL,'system:file-config:create',1,2,0,0,0,NULL,0,0,NULL,0,NULL,0,'2026-05-10 12:00:00','2026-05-10 12:00:00',1900000000000000027,1900000000000000027,0),
  ('1900000000000000076','1900000000000000003','button','FileConfigUpdate','编辑',NULL,NULL,NULL,NULL,'system:file-config:update',1,3,0,0,0,NULL,0,0,NULL,0,NULL,0,'2026-05-10 12:00:00','2026-05-10 12:00:00',1900000000000000027,1900000000000000027,0),
  ('1900000000000000044','1900000000000000003','button','FileConfigDelete','删除',NULL,NULL,NULL,NULL,'system:file-config:delete',1,4,0,0,0,NULL,0,0,NULL,0,NULL,0,'2026-05-10 12:00:00','2026-05-10 12:00:00',1900000000000000027,1900000000000000027,0),
  -- Settings
  ('1900000000000002001',NULL,'menu','Settings','menus.settings.title','/settings','/index/index',NULL,'ri:settings-4-line',NULL,1,90,0,0,0,NULL,0,0,NULL,0,NULL,0,'2026-05-10 12:00:00','2026-05-10 12:00:00',1900000000000000027,1900000000000000027,0),
  -- Settings > AccessControl
  ('1900000000000002002','1900000000000002001','menu','AccessControl','menus.settings.accessControl','access-control','/settings/access-control',NULL,NULL,NULL,1,1,1,0,0,NULL,0,0,NULL,0,NULL,0,'2026-05-10 12:00:00','2026-05-10 12:00:00',1900000000000000027,1900000000000000027,0),
  ('1900000000000002003','1900000000000002002','button','AccessControlQuery','查询',NULL,NULL,NULL,NULL,'settings:access-control:query',1,1,0,0,0,NULL,0,0,NULL,0,NULL,0,'2026-05-10 12:00:00','2026-05-10 12:00:00',1900000000000000027,1900000000000000027,0),
  ('1900000000000002004','1900000000000002002','button','AccessControlGeneralRegister','通用注册管理',NULL,NULL,NULL,NULL,'settings:access-control:general-register',1,1,0,0,0,NULL,0,0,NULL,0,NULL,0,'2026-05-10 12:00:00','2026-05-10 12:00:00',1900000000000000027,1900000000000000027,0),
  ('1900000000000002005','1900000000000002002','button','AccessControlThirdPartyRegister','第三方注册管理',NULL,NULL,NULL,NULL,'settings:access-control:third-party-register',1,1,0,0,0,NULL,0,0,NULL,0,NULL,0,'2026-05-10 12:00:00','2026-05-10 12:00:00',1900000000000000027,1900000000000000027,0),
  ('1900000000000002006','1900000000000002002','button','AccessControlLoginMethod','普通登录方式管理',NULL,NULL,NULL,NULL,'settings:access-control:login-method',1,1,0,0,0,NULL,0,0,NULL,0,NULL,0,'2026-05-10 12:00:00','2026-05-10 12:00:00',1900000000000000027,1900000000000000027,0),
  ('1900000000000002007','1900000000000002002','button','AccessControlThirdPartyLogin','第三方登录方式管理',NULL,NULL,NULL,NULL,'settings:access-control:third-party-login',1,1,0,0,0,NULL,0,0,NULL,0,NULL,0,'2026-05-10 12:00:00','2026-05-10 12:00:00',1900000000000000027,1900000000000000027,0),
  ('1900000000000002008','1900000000000002002','button','AccessControlForgotPassword','忘记密码管理',NULL,NULL,NULL,NULL,'settings:access-control:forgot-password',1,1,0,0,0,NULL,0,0,NULL,0,NULL,0,'2026-05-10 12:00:00','2026-05-10 12:00:00',1900000000000000027,1900000000000000027,0);
/*!40000 ALTER TABLE `sys_menu` ENABLE KEYS */;

--
-- Table structure for table `sys_role_menu_permission`
--

DROP TABLE IF EXISTS `sys_role_menu_permission`;
/*!40101 SET @saved_cs_client     = @@character_set_client */;
/*!50503 SET character_set_client = utf8mb4 */;
CREATE TABLE `sys_role_menu_permission` (
  `id` bigint NOT NULL COMMENT '主键ID',
  `role_id` bigint NOT NULL COMMENT '角色ID',
  `menu_id` bigint NOT NULL COMMENT '菜单/按钮ID',
  `create_time` datetime DEFAULT CURRENT_TIMESTAMP COMMENT '创建时间',
  `update_time` datetime DEFAULT CURRENT_TIMESTAMP ON UPDATE CURRENT_TIMESTAMP COMMENT '更新时间',
  `create_by` bigint DEFAULT NULL COMMENT '创建人',
  `update_by` bigint DEFAULT NULL COMMENT '更新人',
  `deleted` tinyint DEFAULT '0' COMMENT '逻辑删除(0-未删除 1-已删除)',
  `active_role_menu_permission` tinyint GENERATED ALWAYS AS ((case when (`deleted` = 0) then 1 else NULL end)) STORED COMMENT '未删除关联标记',
  PRIMARY KEY (`id`),
  UNIQUE KEY `uk_role_menu_permission` (`role_id`,`menu_id`,`active_role_menu_permission`),
  KEY `idx_role_id` (`role_id`),
  KEY `idx_menu_id` (`menu_id`),
  CONSTRAINT `fk_sys_role_menu_permission_menu_id` FOREIGN KEY (`menu_id`) REFERENCES `sys_menu` (`id`),
  CONSTRAINT `fk_sys_role_menu_permission_role_id` FOREIGN KEY (`role_id`) REFERENCES `sys_role` (`id`)
) ENGINE=InnoDB DEFAULT CHARSET=utf8mb4 COLLATE=utf8mb4_unicode_ci COMMENT='角色菜单权限关联表';
/*!40101 SET character_set_client = @saved_cs_client */;

--
-- Dumping data for table `sys_role_menu_permission`
--

/*!40000 ALTER TABLE `sys_role_menu_permission` DISABLE KEYS */;
INSERT INTO `sys_role_menu_permission` (`id`, `role_id`, `menu_id`, `create_time`, `update_time`, `create_by`, `update_by`, `deleted`) VALUES
  -- R_ADMIN -> Dashboard
  ('1900000000000000028','1900000000000000073','1900000000000000077','2026-05-10 12:00:00','2026-05-10 12:00:00',1900000000000000027,1900000000000000027,0),
  ('1900000000000000033','1900000000000000073','1900000000000000089','2026-05-10 12:00:00','2026-05-10 12:00:00',1900000000000000027,1900000000000000027,0),
  -- R_ADMIN -> System
  ('1900000000000000022','1900000000000000073','1900000000000000080','2026-05-10 12:00:00','2026-05-10 12:00:00',1900000000000000027,1900000000000000027,0),
  -- R_ADMIN -> System > Account
  ('1900000000000000015','1900000000000000073','1900000000000000016','2026-05-10 12:00:00','2026-05-10 12:00:00',1900000000000000027,1900000000000000027,0),
  ('1900000000000000091','1900000000000000073','1900000000000000007','2026-05-10 12:00:00','2026-05-10 12:00:00',1900000000000000027,1900000000000000027,0),
  ('1900000000000000078','1900000000000000073','1900000000000000020','2026-05-10 12:00:00','2026-05-10 12:00:00',1900000000000000027,1900000000000000027,0),
  ('1900000000000000079','1900000000000000073','1900000000000000060','2026-05-10 12:00:00','2026-05-10 12:00:00',1900000000000000027,1900000000000000027,0),
  ('1900000000000000051','1900000000000000073','1900000000000000030','2026-05-10 12:00:00','2026-05-10 12:00:00',1900000000000000027,1900000000000000027,0),
  -- R_ADMIN -> System > Role
  ('1900000000000002042','1900000000000000073','1900000000000000046','2026-05-10 12:00:00','2026-05-10 12:00:00',1900000000000000027,1900000000000000027,0),
  ('1900000000000002044','1900000000000000073','1900000000000000085','2026-05-10 12:00:00','2026-05-10 12:00:00',1900000000000000027,1900000000000000027,0),
  ('1900000000000002045','1900000000000000073','1900000000000000004','2026-05-10 12:00:00','2026-05-10 12:00:00',1900000000000000027,1900000000000000027,0),
  ('1900000000000002046','1900000000000000073','1900000000000000066','2026-05-10 12:00:00','2026-05-10 12:00:00',1900000000000000027,1900000000000000027,0),
  ('1900000000000002047','1900000000000000073','1900000000000000092','2026-05-10 12:00:00','2026-05-10 12:00:00',1900000000000000027,1900000000000000027,0),
  ('1900000000000002048','1900000000000000073','1900000000000000053','2026-05-10 12:00:00','2026-05-10 12:00:00',1900000000000000027,1900000000000000027,0),
  -- R_ADMIN -> System > FileManage
  ('1900000000000002049','1900000000000000073','1900000000000000038','2026-05-10 12:00:00','2026-05-10 12:00:00',1900000000000000027,1900000000000000027,0),
  ('1900000000000002051','1900000000000000073','1900000000000000008','2026-05-10 12:00:00','2026-05-10 12:00:00',1900000000000000027,1900000000000000027,0),
  ('1900000000000002052','1900000000000000073','1900000000000000064','2026-05-10 12:00:00','2026-05-10 12:00:00',1900000000000000027,1900000000000000027,0),
  ('1900000000000002053','1900000000000000073','1900000000000000093','2026-05-10 12:00:00','2026-05-10 12:00:00',1900000000000000027,1900000000000000027,0),
  ('1900000000000002054','1900000000000000073','1900000000000000069','2026-05-10 12:00:00','2026-05-10 12:00:00',1900000000000000027,1900000000000000027,0),
  ('1900000000000002055','1900000000000000073','1900000000000000083','2026-05-10 12:00:00','2026-05-10 12:00:00',1900000000000000027,1900000000000000027,0),
  ('1900000000000002056','1900000000000000073','1900000000000000006','2026-05-10 12:00:00','2026-05-10 12:00:00',1900000000000000027,1900000000000000027,0),
  -- R_USER -> Dashboard
  ('1900000000000002057','1900000000000000032','1900000000000000077','2026-05-10 12:00:00','2026-05-10 12:00:00',1900000000000000027,1900000000000000027,0),
  ('1900000000000002058','1900000000000000032','1900000000000000089','2026-05-10 12:00:00','2026-05-10 12:00:00',1900000000000000027,1900000000000000027,0),
  -- R_USER -> System
  ('1900000000000002060','1900000000000000032','1900000000000000080','2026-05-10 12:00:00','2026-05-10 12:00:00',1900000000000000027,1900000000000000027,0),
  -- R_USER -> System > Account
  ('1900000000000002061','1900000000000000032','1900000000000000016','2026-05-10 12:00:00','2026-05-10 12:00:00',1900000000000000027,1900000000000000027,0),
  ('1900000000000002063','1900000000000000032','1900000000000000007','2026-05-10 12:00:00','2026-05-10 12:00:00',1900000000000000027,1900000000000000027,0),
  -- R_USER -> System > Role
  ('1900000000000002064','1900000000000000032','1900000000000000046','2026-05-10 12:00:00','2026-05-10 12:00:00',1900000000000000027,1900000000000000027,0),
  ('1900000000000002066','1900000000000000032','1900000000000000085','2026-05-10 12:00:00','2026-05-10 12:00:00',1900000000000000027,1900000000000000027,0),
  -- R_USER -> System > FileManage
  ('1900000000000002067','1900000000000000032','1900000000000000038','2026-05-10 12:00:00','2026-05-10 12:00:00',1900000000000000027,1900000000000000027,0),
  ('1900000000000002069','1900000000000000032','1900000000000000008','2026-05-10 12:00:00','2026-05-10 12:00:00',1900000000000000027,1900000000000000027,0),
  -- AccountCenter page direct grant (R_ADMIN / R_USER): page visibility = menu grant (RBAC refactor 4.4)
  ('1900000000000002070','1900000000000000073','1900000000000000035','2026-05-10 12:00:00','2026-05-10 12:00:00',1900000000000000027,1900000000000000027,0),
  ('1900000000000002071','1900000000000000032','1900000000000000035','2026-05-10 12:00:00','2026-05-10 12:00:00',1900000000000000027,1900000000000000027,0);
/*!40000 ALTER TABLE `sys_role_menu_permission` ENABLE KEYS */;

/*!40103 SET TIME_ZONE=@OLD_TIME_ZONE */;

/*!40101 SET SQL_MODE=@OLD_SQL_MODE */;
/*!40014 SET FOREIGN_KEY_CHECKS=@OLD_FOREIGN_KEY_CHECKS */;
/*!40014 SET UNIQUE_CHECKS=@OLD_UNIQUE_CHECKS */;
/*!40101 SET CHARACTER_SET_CLIENT=@OLD_CHARACTER_SET_CLIENT */;
/*!40101 SET CHARACTER_SET_RESULTS=@OLD_CHARACTER_SET_RESULTS */;
/*!40101 SET COLLATION_CONNECTION=@OLD_COLLATION_CONNECTION */;
/*!40111 SET SQL_NOTES=@OLD_SQL_NOTES */;

-- Dump completed on 2026-05-10 14:30:14
