-- 业务主键统一存储为 BIGINT；velox.id.snowflake.enabled=true 使用雪花 ID，false 使用数据库序列。
DROP TABLE IF EXISTS sys_id_sequence CASCADE;
DROP TABLE IF EXISTS sys_role_menu_permission CASCADE;
DROP TABLE IF EXISTS sys_user_role CASCADE;
DROP TABLE IF EXISTS sys_profile CASCADE;
DROP TABLE IF EXISTS sys_menu CASCADE;
DROP TABLE IF EXISTS sys_role CASCADE;
DROP TABLE IF EXISTS sys_user CASCADE;
DROP TABLE IF EXISTS sys_file_content CASCADE;
DROP TABLE IF EXISTS sys_file CASCADE;
DROP TABLE IF EXISTS sys_file_config CASCADE;

CREATE TABLE sys_id_sequence (
  business_type varchar(64) PRIMARY KEY,
  current_value bigint NOT NULL DEFAULT 0,
  create_time timestamp DEFAULT CURRENT_TIMESTAMP,
  update_time timestamp DEFAULT CURRENT_TIMESTAMP
);

INSERT INTO sys_id_sequence (business_type, current_value) VALUES
  ('default',0),
  ('sys_user',0),
  ('sys_role',0),
  ('sys_menu',0),
  ('sys_profile',0),
  ('sys_user_role',0),
  ('sys_role_menu_permission',0),
  ('sys_file_config',0),
  ('sys_file',0),
  ('sys_file_content',0);

CREATE TABLE sys_file_config (
  id bigint PRIMARY KEY,
  name varchar(100) NOT NULL,
  storage integer NOT NULL,
  remark varchar(500),
  master boolean DEFAULT false,
  config text,
  enabled smallint DEFAULT 1,
  create_time timestamp DEFAULT CURRENT_TIMESTAMP,
  update_time timestamp DEFAULT CURRENT_TIMESTAMP,
  create_by bigint,
  update_by bigint,
  deleted smallint DEFAULT 0
);

CREATE INDEX idx_sys_file_config_storage ON sys_file_config (storage);
CREATE INDEX idx_sys_file_config_master ON sys_file_config (master);

INSERT INTO sys_file_config (id, name, storage, remark, master, config, enabled, create_time, update_time, create_by, update_by, deleted) VALUES
  ('1900000000000000090','数据库存储',1,'数据库存储文件',false,'{"domain": "http://127.0.0.1:3006"}',1,'2026-05-10 12:00:00','2026-05-10 12:00:00',1900000000000000027,1900000000000000027,0),
  ('1900000000000000040','本地存储',10,'本地磁盘存储',true,'{"domain": "http://127.0.0.1:3006", "basePath": "/tmp/uploads"}',1,'2026-05-10 12:00:00','2026-05-10 12:00:00',1900000000000000027,1900000000000000027,0),
  ('1900000000000000041','S3云存储',20,'S3/OSS云存储(当前仅测试阿里云，理论上 S3 类型都支持，若遇到问题请提出您宝贵的 issue，这将有利于我们完善和优化)',false,'{"bucket": "bucket", "endpoint": "oss-cn-beijing.aliyuncs.com", "accessKey": "Your Access Key", "accessSecret": "Your Access Secret", "enablePublicAccess": true, "enablePathStyleAccess": false}',1,'2026-05-10 12:00:00','2026-05-10 12:00:00',1900000000000000027,1900000000000000027,0),
  ('1900000000000000011','FTP存储',11,'FTP 文件存储示例',false,'{"host": "127.0.0.1", "port": 21, "username": "ftp-user", "password": "ftp-password", "mode": "Passive", "basePath": "/uploads", "domain": "http://127.0.0.1:3006"}',0,'2026-05-10 12:00:00','2026-05-10 12:00:00',1900000000000000027,1900000000000000027,0),
  ('1900000000000000072','SFTP存储',12,'SFTP 文件存储示例',false,'{"host": "127.0.0.1", "port": 22, "username": "sftp-user", "password": "sftp-password", "basePath": "/uploads", "domain": "http://127.0.0.1:3006"}',0,'2026-05-10 12:00:00','2026-05-10 12:00:00',1900000000000000027,1900000000000000027,0);

CREATE TABLE sys_file (
  id bigint PRIMARY KEY,
  config_id bigint NOT NULL,
  name varchar(255) NOT NULL,
  path varchar(500) NOT NULL,
  url varchar(500),
  type varchar(100),
  size bigint DEFAULT 0,
  create_time timestamp DEFAULT CURRENT_TIMESTAMP,
  update_time timestamp DEFAULT CURRENT_TIMESTAMP,
  create_by bigint,
  update_by bigint,
  deleted smallint DEFAULT 0
);

CREATE INDEX idx_sys_file_config_id ON sys_file (config_id);
CREATE INDEX idx_sys_file_create_by ON sys_file (create_by);

CREATE TABLE sys_file_content (
  id bigint PRIMARY KEY,
  config_id bigint NOT NULL,
  path varchar(500) NOT NULL,
  content bytea NOT NULL,
  create_time timestamp DEFAULT CURRENT_TIMESTAMP,
  update_time timestamp DEFAULT CURRENT_TIMESTAMP,
  create_by bigint,
  update_by bigint,
  deleted smallint DEFAULT 0
);

CREATE INDEX idx_sys_file_content_config_id ON sys_file_content (config_id);
CREATE INDEX idx_sys_file_content_path ON sys_file_content (path);

CREATE TABLE sys_menu (
  id bigint PRIMARY KEY,
  parent_id bigint,
  menu_type varchar(20) NOT NULL,
  name varchar(100) NOT NULL,
  title varchar(100) NOT NULL,
  path varchar(255),
  component varchar(255),
  redirect varchar(255),
  icon varchar(100),
  auth_mark varchar(100),
  is_enable smallint DEFAULT 1,
  sort integer DEFAULT 1,
  keep_alive smallint DEFAULT 0,
  is_hide smallint DEFAULT 0,
  is_hide_tab smallint DEFAULT 0,
  link varchar(255),
  is_iframe smallint DEFAULT 0,
  show_badge smallint DEFAULT 0,
  show_text_badge varchar(50),
  fixed_tab smallint DEFAULT 0,
  active_path varchar(255),
  is_full_page smallint DEFAULT 0,
  create_time timestamp DEFAULT CURRENT_TIMESTAMP,
  update_time timestamp DEFAULT CURRENT_TIMESTAMP,
  create_by bigint,
  update_by bigint,
  deleted smallint DEFAULT 0
);

CREATE INDEX idx_menu_parent_id ON sys_menu (parent_id);
CREATE INDEX idx_menu_auth_mark ON sys_menu (auth_mark);
CREATE UNIQUE INDEX uk_menu_auth_mark_active ON sys_menu (auth_mark) WHERE deleted = 0 AND auth_mark IS NOT NULL;

INSERT INTO sys_menu (id, parent_id, menu_type, name, title, path, component, redirect, icon, auth_mark, is_enable, sort, keep_alive, is_hide, is_hide_tab, link, is_iframe, show_badge, show_text_badge, fixed_tab, active_path, is_full_page, create_time, update_time, create_by, update_by, deleted) VALUES
  ('1900000000000000077',NULL,'menu','Dashboard','menus.dashboard.title','/dashboard','/index/index',NULL,'ri:pie-chart-line',NULL,1,0,0,0,0,NULL,0,0,NULL,0,NULL,0,'2026-05-10 12:00:00','2026-05-10 12:00:00',1900000000000000027,1900000000000000027,0),
  ('1900000000000000089','1900000000000000077','menu','Console','menus.dashboard.console','console','/dashboard/console',NULL,NULL,NULL,1,1,0,0,0,NULL,0,0,NULL,1,NULL,0,'2026-05-10 12:00:00','2026-05-10 12:00:00',1900000000000000027,1900000000000000027,0),
  ('1900000000000000080',NULL,'menu','System','menus.system.title','/system','/index/index',NULL,'ri:user-3-line',NULL,1,1,0,0,0,NULL,0,0,NULL,0,NULL,0,'2026-05-10 12:00:00','2026-05-10 12:00:00',1900000000000000027,1900000000000000027,0),
  ('1900000000000000016','1900000000000000080','menu','User','menus.system.user','user','/system/user',NULL,NULL,NULL,1,1,1,0,0,NULL,0,0,NULL,0,NULL,0,'2026-05-10 12:00:00','2026-05-10 12:00:00',1900000000000000027,1900000000000000027,0),
  ('1900000000000000046','1900000000000000080','menu','Role','menus.system.role','role','/system/role',NULL,NULL,NULL,1,2,1,0,0,NULL,0,0,NULL,0,NULL,0,'2026-05-10 12:00:00','2026-05-10 12:00:00',1900000000000000027,1900000000000000027,0),
  ('1900000000000000035','1900000000000000080','menu','UserCenter','menus.system.userCenter','user-center','/system/user-center',NULL,NULL,NULL,1,3,1,1,1,NULL,0,0,NULL,0,NULL,0,'2026-05-10 12:00:00','2026-05-10 12:00:00',1900000000000000027,1900000000000000027,0),
  ('1900000000000000063','1900000000000000080','menu','Menus','menus.system.menu','menu','/system/menu',NULL,NULL,NULL,1,4,1,0,0,NULL,0,0,NULL,0,NULL,0,'2026-05-10 12:00:00','2026-05-10 12:00:00',1900000000000000027,1900000000000000027,0),
  ('1900000000000000084','1900000000000000063','button','MenusCreate','新增',NULL,NULL,NULL,NULL,'system:menu:create',1,2,0,0,0,NULL,0,0,NULL,0,NULL,0,'2026-05-10 12:00:00','2026-05-10 12:00:00',1900000000000000027,1900000000000000027,0),
  ('1900000000000000042','1900000000000000063','button','MenusUpdate','编辑',NULL,NULL,NULL,NULL,'system:menu:update',1,3,0,0,0,NULL,0,0,NULL,0,NULL,0,'2026-05-10 12:00:00','2026-05-10 12:00:00',1900000000000000027,1900000000000000027,0),
  ('1900000000000000071','1900000000000000063','button','MenusDelete','删除',NULL,NULL,NULL,NULL,'system:menu:delete',1,4,0,0,0,NULL,0,0,NULL,0,NULL,0,'2026-05-10 12:00:00','2026-05-10 12:00:00',1900000000000000027,1900000000000000027,0),
  ('1900000000000000020','1900000000000000016','button','UserCreate','新增',NULL,NULL,NULL,NULL,'system:user:create',1,2,0,0,0,NULL,0,0,NULL,0,NULL,0,'2026-05-10 12:00:00','2026-05-10 12:00:00',1900000000000000027,1900000000000000027,0),
  ('1900000000000000060','1900000000000000016','button','UserUpdate','编辑',NULL,NULL,NULL,NULL,'system:user:update',1,3,0,0,0,NULL,0,0,NULL,0,NULL,0,'2026-05-10 12:00:00','2026-05-10 12:00:00',1900000000000000027,1900000000000000027,0),
  ('1900000000000000030','1900000000000000016','button','UserDelete','删除',NULL,NULL,NULL,NULL,'system:user:delete',1,4,0,0,0,NULL,0,0,NULL,0,NULL,0,'2026-05-10 12:00:00','2026-05-10 12:00:00',1900000000000000027,1900000000000000027,0),
  ('1900000000000000004','1900000000000000046','button','RoleCreate','新增',NULL,NULL,NULL,NULL,'system:role:create',1,2,0,0,0,NULL,0,0,NULL,0,NULL,0,'2026-05-10 12:00:00','2026-05-10 12:00:00',1900000000000000027,1900000000000000027,0),
  ('1900000000000000066','1900000000000000046','button','RoleUpdate','编辑',NULL,NULL,NULL,NULL,'system:role:update',1,3,0,0,0,NULL,0,0,NULL,0,NULL,0,'2026-05-10 12:00:00','2026-05-10 12:00:00',1900000000000000027,1900000000000000027,0),
  ('1900000000000000092','1900000000000000046','button','RoleDelete','删除',NULL,NULL,NULL,NULL,'system:role:delete',1,4,0,0,0,NULL,0,0,NULL,0,NULL,0,'2026-05-10 12:00:00','2026-05-10 12:00:00',1900000000000000027,1900000000000000027,0),
  ('1900000000000000053','1900000000000000046','button','RolePermission','菜单权限',NULL,NULL,NULL,NULL,'system:role:permission',1,5,0,0,0,NULL,0,0,NULL,0,NULL,0,'2026-05-10 12:00:00','2026-05-10 12:00:00',1900000000000000027,1900000000000000027,0),
  ('1900000000000000007','1900000000000000016','button','UserQuery','查询',NULL,NULL,NULL,NULL,'system:user:query',1,1,0,0,0,NULL,0,0,NULL,0,NULL,0,'2026-05-10 12:00:00','2026-05-10 12:00:00',1900000000000000027,1900000000000000027,0),
  ('1900000000000000085','1900000000000000046','button','RoleQuery','查询',NULL,NULL,NULL,NULL,'system:role:query',1,1,0,0,0,NULL,0,0,NULL,0,NULL,0,'2026-05-10 12:00:00','2026-05-10 12:00:00',1900000000000000027,1900000000000000027,0),
  ('1900000000000000086','1900000000000000063','button','MenusQuery','查询',NULL,NULL,NULL,NULL,'system:menu:query',1,1,0,0,0,NULL,0,0,NULL,0,NULL,0,'2026-05-10 12:00:00','2026-05-10 12:00:00',1900000000000000027,1900000000000000027,0),
  ('1900000000000000029',NULL,'menu','Config','menus.config.title','/config','/index/index',NULL,'ri:settings-3-line',NULL,1,2,0,0,0,NULL,0,0,NULL,0,NULL,0,'2026-05-10 12:00:00','2026-05-10 12:00:00',1900000000000000027,1900000000000000027,0),
  ('1900000000000000003','1900000000000000029','menu','FileConfig','menus.config.fileConfig','file-config','/config/file-config',NULL,'',NULL,1,1,1,0,0,NULL,0,0,NULL,0,NULL,0,'2026-05-10 12:00:00','2026-05-10 12:00:00',1900000000000000027,1900000000000000027,0),
  ('1900000000000000062','1900000000000000003','button','FileConfigQuery','查询',NULL,NULL,NULL,NULL,'system:file-config:query',1,1,0,0,0,NULL,0,0,NULL,0,NULL,0,'2026-05-10 12:00:00','2026-05-10 12:00:00',1900000000000000027,1900000000000000027,0),
  ('1900000000000000039','1900000000000000003','button','FileConfigCreate','新增',NULL,NULL,NULL,NULL,'system:file-config:create',1,2,0,0,0,NULL,0,0,NULL,0,NULL,0,'2026-05-10 12:00:00','2026-05-10 12:00:00',1900000000000000027,1900000000000000027,0),
  ('1900000000000000076','1900000000000000003','button','FileConfigUpdate','编辑',NULL,NULL,NULL,NULL,'system:file-config:update',1,3,0,0,0,NULL,0,0,NULL,0,NULL,0,'2026-05-10 12:00:00','2026-05-10 12:00:00',1900000000000000027,1900000000000000027,0),
  ('1900000000000000044','1900000000000000003','button','FileConfigDelete','删除',NULL,NULL,NULL,NULL,'system:file-config:delete',1,4,0,0,0,NULL,0,0,NULL,0,NULL,0,'2026-05-10 12:00:00','2026-05-10 12:00:00',1900000000000000027,1900000000000000027,0),
  ('1900000000000000038','1900000000000000080','menu','FileManage','menus.system.fileManage','file-manage','/system/file-manage',NULL,'',NULL,1,5,1,0,0,NULL,0,0,NULL,0,NULL,0,'2026-05-10 12:00:00','2026-05-10 12:00:00',1900000000000000027,1900000000000000027,0),
  ('1900000000000000008','1900000000000000038','button','FileQuery','查询',NULL,NULL,NULL,NULL,'system:file:query',1,1,0,0,0,NULL,0,0,NULL,0,NULL,0,'2026-05-10 12:00:00','2026-05-10 12:00:00',1900000000000000027,1900000000000000027,0),
  ('1900000000000000064','1900000000000000038','button','FileCreate','新增',NULL,NULL,NULL,NULL,'system:file:create',1,2,0,0,0,NULL,0,0,NULL,0,NULL,0,'2026-05-10 12:00:00','2026-05-10 12:00:00',1900000000000000027,1900000000000000027,0),
  ('1900000000000000093','1900000000000000038','button','FileUpdate','编辑',NULL,NULL,NULL,NULL,'system:file:update',1,3,0,0,0,NULL,0,0,NULL,0,NULL,0,'2026-05-10 12:00:00','2026-05-10 12:00:00',1900000000000000027,1900000000000000027,0),
  ('1900000000000000069','1900000000000000038','button','FileDelete','删除',NULL,NULL,NULL,NULL,'system:file:delete',1,4,0,0,0,NULL,0,0,NULL,0,NULL,0,'2026-05-10 12:00:00','2026-05-10 12:00:00',1900000000000000027,1900000000000000027,0),
  ('1900000000000000083','1900000000000000038','button','FileDownload','下载',NULL,NULL,NULL,NULL,'system:file:download',1,5,0,0,0,NULL,0,0,NULL,0,NULL,0,'2026-05-10 12:00:00','2026-05-10 12:00:00',1900000000000000027,1900000000000000027,0),
  ('1900000000000000006','1900000000000000038','button','FileUpload','上传',NULL,NULL,NULL,NULL,'system:file:upload',1,6,0,0,0,NULL,0,0,NULL,0,NULL,0,'2026-05-10 12:00:00','2026-05-10 12:00:00',1900000000000000027,1900000000000000027,0);

CREATE TABLE sys_role (
  id bigint PRIMARY KEY,
  role_name varchar(50) NOT NULL,
  role_code varchar(50) NOT NULL,
  description varchar(255),
  type smallint NOT NULL DEFAULT 1,
  role_level integer NOT NULL DEFAULT 0,
  enabled smallint DEFAULT 1,
  create_time timestamp DEFAULT CURRENT_TIMESTAMP,
  update_time timestamp DEFAULT CURRENT_TIMESTAMP,
  create_by bigint,
  update_by bigint,
  deleted smallint DEFAULT 0
);

CREATE INDEX idx_role_code ON sys_role (role_code);
CREATE UNIQUE INDEX uk_role_code_active ON sys_role (role_code) WHERE deleted = 0;

INSERT INTO sys_role (id, role_name, role_code, description, type, role_level, enabled, create_time, update_time, create_by, update_by, deleted) VALUES
  ('1900000000000000023','超级管理员','R_SUPER','拥有系统全部权限',0,3,1,'2026-05-10 12:00:00','2026-05-10 12:00:00',1900000000000000027,1900000000000000027,0),
  ('1900000000000000073','管理员','R_ADMIN','拥有系统管理权限',0,2,1,'2026-05-10 12:00:00','2026-05-10 12:00:00',1900000000000000027,1900000000000000027,0),
  ('1900000000000000032','普通用户','R_USER','拥有系统普通权限',0,1,1,'2026-05-10 12:00:00','2026-05-10 12:00:00',1900000000000000027,1900000000000000027,0);

CREATE TABLE sys_user (
  id bigint PRIMARY KEY,
  username varchar(50) NOT NULL,
  password varchar(100) NOT NULL,
  email varchar(100),
  phone varchar(20),
  status smallint DEFAULT 1,
  login_fail_count integer DEFAULT 0,
  login_fail_time timestamp,
  create_time timestamp DEFAULT CURRENT_TIMESTAMP,
  update_time timestamp DEFAULT CURRENT_TIMESTAMP,
  create_by bigint,
  update_by bigint,
  deleted smallint DEFAULT 0
);

CREATE INDEX idx_username ON sys_user (username);
CREATE UNIQUE INDEX uk_username_active ON sys_user (username) WHERE deleted = 0;

INSERT INTO sys_user (id, username, password, email, phone, status, login_fail_count, login_fail_time, create_time, update_time, create_by, update_by, deleted) VALUES
  ('1900000000000000027','Super','{bcrypt}$2a$12$w9oNXS.wlWOfoHg6vMVKKuRHIASL5uTI2BtybrocyvQCMmeSIhshu','super@architecture.pro','15800158001',1,0,NULL,'2026-05-10 12:00:00','2026-05-10 12:00:00',1900000000000000027,1900000000000000027,0),
  ('1900000000000000087','Admin','{bcrypt}$2a$12$w9oNXS.wlWOfoHg6vMVKKuRHIASL5uTI2BtybrocyvQCMmeSIhshu','admin@architecture.pro','15800158002',1,0,NULL,'2026-05-10 12:00:00','2026-05-10 12:00:00',1900000000000000027,1900000000000000027,0),
  ('1900000000000000048','User','{bcrypt}$2a$12$w9oNXS.wlWOfoHg6vMVKKuRHIASL5uTI2BtybrocyvQCMmeSIhshu','user@architecture.pro','15800158003',1,0,NULL,'2026-05-10 12:00:00','2026-05-10 12:00:00',1900000000000000027,1900000000000000027,0);

CREATE TABLE sys_profile (
  id bigint PRIMARY KEY,
  user_id bigint NOT NULL REFERENCES sys_user (id),
  nickname varchar(50),
  avatar varchar(255),
  gender smallint DEFAULT 0,
  real_name varchar(50),
  address varchar(255),
  introduction text,
  signature varchar(255),
  position varchar(50),
  company varchar(100),
  tags text,
  create_time timestamp DEFAULT CURRENT_TIMESTAMP,
  update_time timestamp DEFAULT CURRENT_TIMESTAMP,
  create_by bigint,
  update_by bigint,
  deleted smallint DEFAULT 0
);

CREATE UNIQUE INDEX uk_user_id ON sys_profile (user_id);

INSERT INTO sys_profile (id, user_id, nickname, avatar, gender, real_name, address, introduction, signature, position, company, tags, create_time, update_time, create_by, update_by, deleted) VALUES
  ('1900000000000000075','1900000000000000027','虚拟双子','https://api.dicebear.com/7.x/avataaars/svg?seed=Super',2,'不愿透露','不愿透露','不愿透露','不愿透露','不愿透露','不愿透露','["可爱", "很可爱", "非常可爱"]','2026-05-10 12:00:00','2026-05-10 12:00:00',1900000000000000027,1900000000000000027,0),
  ('1900000000000000057','1900000000000000087','虚拟双子','https://api.dicebear.com/7.x/avataaars/svg?seed=Admin',1,'不愿透露','不愿透露','不愿透露','不愿透露','不愿透露','不愿透露','["可爱", "很可爱", "非常可爱"]','2026-05-10 12:00:00','2026-05-10 12:00:00',1900000000000000027,1900000000000000027,0),
  ('1900000000000000014','1900000000000000048','虚拟双子','https://api.dicebear.com/7.x/avataaars/svg?seed=User',1,'不愿透露','不愿透露','不愿透露','不愿透露','不愿透露','不愿透露','["可爱", "很可爱", "非常可爱"]','2026-05-10 12:00:00','2026-05-10 12:00:00',1900000000000000027,1900000000000000027,0);

CREATE TABLE sys_role_menu_permission (
  id bigint PRIMARY KEY,
  role_id bigint NOT NULL REFERENCES sys_role (id),
  menu_id bigint NOT NULL REFERENCES sys_menu (id),
  create_time timestamp DEFAULT CURRENT_TIMESTAMP,
  update_time timestamp DEFAULT CURRENT_TIMESTAMP,
  create_by bigint,
  update_by bigint,
  deleted smallint DEFAULT 0
);

CREATE INDEX idx_role_id ON sys_role_menu_permission (role_id);
CREATE INDEX idx_menu_id ON sys_role_menu_permission (menu_id);
CREATE UNIQUE INDEX uk_role_menu_permission_active ON sys_role_menu_permission (role_id, menu_id) WHERE deleted = 0;

INSERT INTO sys_role_menu_permission (id, role_id, menu_id, create_time, update_time, create_by, update_by, deleted) VALUES
  ('1900000000000000052','1900000000000000023','1900000000000000077','2026-05-10 12:00:00','2026-05-10 12:00:00',1900000000000000027,1900000000000000027,0),
  ('1900000000000000031','1900000000000000023','1900000000000000089','2026-05-10 12:00:00','2026-05-10 12:00:00',1900000000000000027,1900000000000000027,0),
  ('1900000000000000068','1900000000000000023','1900000000000000080','2026-05-10 12:00:00','2026-05-10 12:00:00',1900000000000000027,1900000000000000027,0),
  ('1900000000000000043','1900000000000000023','1900000000000000016','2026-05-10 12:00:00','2026-05-10 12:00:00',1900000000000000027,1900000000000000027,0),
  ('1900000000000000088','1900000000000000023','1900000000000000046','2026-05-10 12:00:00','2026-05-10 12:00:00',1900000000000000027,1900000000000000027,0),
  ('1900000000000000005','1900000000000000023','1900000000000000035','2026-05-10 12:00:00','2026-05-10 12:00:00',1900000000000000027,1900000000000000027,0),
  ('1900000000000000037','1900000000000000023','1900000000000000063','2026-05-10 12:00:00','2026-05-10 12:00:00',1900000000000000027,1900000000000000027,0),
  ('1900000000000000074','1900000000000000023','1900000000000000084','2026-05-10 12:00:00','2026-05-10 12:00:00',1900000000000000027,1900000000000000027,0),
  ('1900000000000000045','1900000000000000023','1900000000000000042','2026-05-10 12:00:00','2026-05-10 12:00:00',1900000000000000027,1900000000000000027,0),
  ('1900000000000000047','1900000000000000023','1900000000000000071','2026-05-10 12:00:00','2026-05-10 12:00:00',1900000000000000027,1900000000000000027,0),
  ('1900000000000000082','1900000000000000023','1900000000000000020','2026-05-10 12:00:00','2026-05-10 12:00:00',1900000000000000027,1900000000000000027,0),
  ('1900000000000000009','1900000000000000023','1900000000000000060','2026-05-10 12:00:00','2026-05-10 12:00:00',1900000000000000027,1900000000000000027,0),
  ('1900000000000000036','1900000000000000023','1900000000000000030','2026-05-10 12:00:00','2026-05-10 12:00:00',1900000000000000027,1900000000000000027,0),
  ('1900000000000000018','1900000000000000023','1900000000000000004','2026-05-10 12:00:00','2026-05-10 12:00:00',1900000000000000027,1900000000000000027,0),
  ('1900000000000000019','1900000000000000023','1900000000000000066','2026-05-10 12:00:00','2026-05-10 12:00:00',1900000000000000027,1900000000000000027,0),
  ('1900000000000000034','1900000000000000023','1900000000000000092','2026-05-10 12:00:00','2026-05-10 12:00:00',1900000000000000027,1900000000000000027,0),
  ('1900000000000000049','1900000000000000023','1900000000000000053','2026-05-10 12:00:00','2026-05-10 12:00:00',1900000000000000027,1900000000000000027,0),
  ('1900000000000000002','1900000000000000023','1900000000000000007','2026-05-10 12:00:00','2026-05-10 12:00:00',1900000000000000027,1900000000000000027,0),
  ('1900000000000000056','1900000000000000023','1900000000000000085','2026-05-10 12:00:00','2026-05-10 12:00:00',1900000000000000027,1900000000000000027,0),
  ('1900000000000000058','1900000000000000023','1900000000000000086','2026-05-10 12:00:00','2026-05-10 12:00:00',1900000000000000027,1900000000000000027,0),
  ('1900000000000000028','1900000000000000073','1900000000000000077','2026-05-10 12:00:00','2026-05-10 12:00:00',1900000000000000027,1900000000000000027,0),
  ('1900000000000000033','1900000000000000073','1900000000000000089','2026-05-10 12:00:00','2026-05-10 12:00:00',1900000000000000027,1900000000000000027,0),
  ('1900000000000000022','1900000000000000073','1900000000000000080','2026-05-10 12:00:00','2026-05-10 12:00:00',1900000000000000027,1900000000000000027,0),
  ('1900000000000000015','1900000000000000073','1900000000000000016','2026-05-10 12:00:00','2026-05-10 12:00:00',1900000000000000027,1900000000000000027,0),
  ('1900000000000000078','1900000000000000073','1900000000000000020','2026-05-10 12:00:00','2026-05-10 12:00:00',1900000000000000027,1900000000000000027,0),
  ('1900000000000000079','1900000000000000073','1900000000000000060','2026-05-10 12:00:00','2026-05-10 12:00:00',1900000000000000027,1900000000000000027,0),
  ('1900000000000000051','1900000000000000073','1900000000000000030','2026-05-10 12:00:00','2026-05-10 12:00:00',1900000000000000027,1900000000000000027,0),
  ('1900000000000000091','1900000000000000073','1900000000000000007','2026-05-10 12:00:00','2026-05-10 12:00:00',1900000000000000027,1900000000000000027,0),
  ('1900000000000000070','1900000000000000073','1900000000000000035','2026-05-10 12:00:00','2026-05-10 12:00:00',1900000000000000027,1900000000000000027,0),
  ('1900000000000000010','1900000000000000032','1900000000000000035','2026-05-10 12:00:00','2026-05-10 12:00:00',1900000000000000027,1900000000000000027,0),
  ('1900000000000000061','1900000000000000023','1900000000000000029','2026-05-10 12:00:00','2026-05-10 12:00:00',1900000000000000027,1900000000000000027,0),
  ('1900000000000000059','1900000000000000023','1900000000000000003','2026-05-10 12:00:00','2026-05-10 12:00:00',1900000000000000027,1900000000000000027,0),
  ('1900000000000000055','1900000000000000023','1900000000000000062','2026-05-10 12:00:00','2026-05-10 12:00:00',1900000000000000027,1900000000000000027,0),
  ('1900000000000000017','1900000000000000023','1900000000000000039','2026-05-10 12:00:00','2026-05-10 12:00:00',1900000000000000027,1900000000000000027,0),
  ('1900000000000000067','1900000000000000023','1900000000000000076','2026-05-10 12:00:00','2026-05-10 12:00:00',1900000000000000027,1900000000000000027,0),
  ('1900000000000000081','1900000000000000023','1900000000000000044','2026-05-10 12:00:00','2026-05-10 12:00:00',1900000000000000027,1900000000000000027,0),
  ('1900000000000000065','1900000000000000023','1900000000000000038','2026-05-10 12:00:00','2026-05-10 12:00:00',1900000000000000027,1900000000000000027,0),
  ('1900000000000000050','1900000000000000023','1900000000000000008','2026-05-10 12:00:00','2026-05-10 12:00:00',1900000000000000027,1900000000000000027,0),
  ('1900000000000000001','1900000000000000023','1900000000000000064','2026-05-10 12:00:00','2026-05-10 12:00:00',1900000000000000027,1900000000000000027,0),
  ('1900000000000000026','1900000000000000023','1900000000000000093','2026-05-10 12:00:00','2026-05-10 12:00:00',1900000000000000027,1900000000000000027,0),
  ('1900000000000000013','1900000000000000023','1900000000000000069','2026-05-10 12:00:00','2026-05-10 12:00:00',1900000000000000027,1900000000000000027,0),
  ('1900000000000000025','1900000000000000023','1900000000000000083','2026-05-10 12:00:00','2026-05-10 12:00:00',1900000000000000027,1900000000000000027,0),
  ('1900000000000000054','1900000000000000023','1900000000000000006','2026-05-10 12:00:00','2026-05-10 12:00:00',1900000000000000027,1900000000000000027,0);

CREATE TABLE sys_user_role (
  id bigint PRIMARY KEY,
  user_id bigint NOT NULL REFERENCES sys_user (id),
  role_id bigint NOT NULL REFERENCES sys_role (id),
  create_time timestamp DEFAULT CURRENT_TIMESTAMP,
  update_time timestamp DEFAULT CURRENT_TIMESTAMP,
  create_by bigint,
  update_by bigint,
  deleted smallint DEFAULT 0
);

CREATE INDEX idx_user_role_user_id ON sys_user_role (user_id);
CREATE INDEX idx_user_role_role_id ON sys_user_role (role_id);
CREATE UNIQUE INDEX uk_user_role_active ON sys_user_role (user_id, role_id) WHERE deleted = 0;

INSERT INTO sys_user_role (id, user_id, role_id, create_time, update_time, create_by, update_by, deleted) VALUES
  ('1900000000000000021','1900000000000000027','1900000000000000023','2026-05-10 12:00:00','2026-05-10 12:00:00',1900000000000000027,1900000000000000027,0),
  ('1900000000000000012','1900000000000000087','1900000000000000073','2026-05-10 12:00:00','2026-05-10 12:00:00',1900000000000000027,1900000000000000027,0),
  ('1900000000000000024','1900000000000000048','1900000000000000032','2026-05-10 12:00:00','2026-05-10 12:00:00',1900000000000000027,1900000000000000027,0);
